# Copyright 2026 Visa, Inc.
#
# Licensed under the Apache License, Version 2.0 (the "License");
# you may not use this file except in compliance with the License.
# You may obtain a copy of the License at
#
#     http://www.apache.org/licenses/LICENSE-2.0
#
# Unless required by applicable law or agreed to in writing, software
# distributed under the License is distributed on an "AS IS" BASIS,
# WITHOUT WARRANTIES OR CONDITIONS OF ANY KIND, either express or implied.
# See the License for the specific language governing permissions and
# limitations under the License.

id,name,externally_facing,pci,pan,pii,parent_id
0000001,example-public-payments-api,Yes,No,Yes,Yes,
0000002,example-backend-batch-service,No,yes,No,No,
0000003,example-marketing-site,Yes,yes,No,No,
0000004,example-card-tokenization-component,,,,,0000001
